﻿<?xml version="1.0" encoding="UTF-8" standalone="yes"?>
<addon id="repo.blacksharing" name="blackiptvsharing repo" version="0.0.2" provider-name="Robert Kahn">
	<extension point="xbmc.addon.repository" name="blackiptvsharing repo">
		<info compressed="false">http://github.com/maniackodi82/repo.blacksharing/blob/master/addons.xml</info>
		<checksum>http://github.com/maniackodi82/repo.blacksharing/blob/master/addons.xml.md5</checksum>
		<datadir zip="true">http://github.com/maniackodi82/repo.blacksharing/blob/master/repo/</datadir>
	</extension>
	<extension point="xbmc.addon.metadata">
		<summary>blackiptvsharing repo</summary>
		<description>Simples, Fácil e Eficaz</description>
		<disclaimer></disclaimer>
		<platform>all</platform>
	</extension>
</addon>